Name,Sub-Domain,Description,Dataset Link,File Count,Category,Original Format,Original Size (MB),JSONL Size (MB),Total Lines,Cleaned Size (MB),Cleaned Lines,License,Last Updated,Uploaded?,Cleaned?,Verified?,Is Synthetic?,Date Added,Note
CyberNative,Application Security,Secure-vs-insecure code pairs (DPO) across languages,https://huggingface.co/datasets/CyberNative/Code_Vulnerability_Security_DPO,1,Dataset,JSON,6.5,6.5,4656,8.061,4079,Apache-2.0,2024,Yes,Yes,Yes,Yes,18/6/2026,
ZeoVan,Application Security,"C/C++ functions labeled vulnerable / not, from CVEs",https://github.com/ZeoVan/MSR_20_Code_Vulnerability_CSV_Dataset,1,Repository,CSV,53.8,57.7,4432,36.803,3630,MIT,2020,Yes,Yes,Yes,,18/6/2026,
AYI-NEDJIMI,Cloud Security,"Cloud security best-practices, misconfigs & Q&A",https://huggingface.co/datasets/AYI-NEDJIMI/cloud-security-en,3,Dataset,Parquet,0.1,0.32,230,0.066,97,Apache-2.0,2026,Yes,Yes,Yes,Yes,18/6/2026,
darkknight25,Cloud Security,Cloud vulnerabilities with vulnerable code + PoC,https://huggingface.co/datasets/darkknight25/Cloud_Vulnerabilities_Dataset,1,Dataset,JSONL,0.5,0.5,1200,,,MIT,2025,Yes,,Yes,Yes,18/6/2026,
darkknight25,Cryptography,Cryptanalysis tools/techniques across cipher types,https://huggingface.co/datasets/darkknight25/Cryptanalysis_Toolkit_Dataset,1,Dataset,JSON,0.1,0.11,350,0.002,3,MIT,2025,Yes,Yes,Yes,Yes,18/6/2026,
HappyHackingOrange,Cryptography,Ciphertext features for classic-cipher classification,https://github.com/HappyHackingOrange/Ciphertext-Classification-Ensemble-SVM,1,Dataset,CSV,125.4,145.1,85000,,,MIT,2022,Yes,,Yes,,18/6/2026,
chaitanya205 ,Cryptography,Ciphertexts labeled by encryption algorithm (AES/DES/…),https://www.kaggle.com/datasets/chaitanya205/cryptographic-algorithm-classification-dataset,1,Dataset,CSV,4.1,5.2,20000,,,CC BY-SA 4.0,2025,Yes,,Yes,,18/6/2026,
ScortonAI,Data Security and Privacy,US healthcare (HIPAA) data-breach records,https://huggingface.co/datasets/ScortonAI/Cyber-Security-Breaches,1,Dataset,JSONL,0.3,0.3,1055,0.297,134,MIT,2025,Yes,Yes,Yes,,18/6/2026,
ethanolivertroy,"Governance, Risk and Compliance",NIST cybersecurity-framework training Q&A,https://huggingface.co/datasets/ethanolivertroy/nist-cybersecurity-training,2,Dataset,JSONL,956.8,956.8,530912,,,CC0-1.0,2025,Yes,,Yes,Yes,18/6/2026,
AndreaSimeri,"Governance, Risk and Compliance",GDPR articles + recitals text,https://huggingface.co/datasets/AndreaSimeri/GDPR,2,Dataset,CSV,0.4,0.478,833,,,Apache-2.0,2024,Yes,,Yes,,18/6/2026,
sims2k,"Governance, Risk and Compliance",GDPR question-answer instruction set,https://huggingface.co/datasets/sims2k/GDPR_QA_instruct_dataset,1,Dataset,Parquet,1,2.4,316,2.481,314,MIT,2024,Yes,Yes,Yes,Yes,18/6/2026,
iann0036 ,Identity Access and Management,Cloud IAM actions/roles for AWS/Azure/GCP,https://github.com/iann0036/iam-dataset,3,Dataset,JSON,94.8,73.1,3693,24.903,2012,MIT,2026,Yes,Yes,Yes,,18/6/2026,
lucamassaron ,Identity Access and Management,Employee resource access grant/deny records,https://www.kaggle.com/datasets/lucamassaron/amazon-employee-access-challenge,2,Dataset,CSV,5.7,17.4,91690,,,CC0,2021,Yes,,Yes,,18/6/2026,
cyberprince,Incident Response and Forsenics,"Digital-forensics tools, commands & usage",https://www.kaggle.com/datasets/cyberprince/forensic-toolkit-dataset/data,1,Dataset,JSONL,0.1,0.1,162,0.096,160,MIT,2025,Yes,Yes,Yes,,18/6/2026,
hassan06,Network Security,NSL-KDD-style intrusion detection train/test,https://www.kaggle.com/datasets/hassan06/nslkdd,4,Dataset,TXT,26.8,152.9,185559,,,Unknown,2019,Yes,,Yes,,18/6/2026,
UCI Internet Firewall,Network Security,Firewall traffic logs with allow/deny/drop action,https://archive.ics.uci.edu/dataset/542/internet+firewall+data,1,Dataset,CSV,2.7,14.2,65532,,,CC BY 4.0,2019,Yes,,Yes,,18/6/2026,
ziya07,Network Security,6G network-slicing security dataset,https://www.kaggle.com/datasets/ziya07/network-security-dataset,1,Dataset,CSV,0.2,0.5,1000,,,CC0: Public domain,2025,Yes,,Yes,Yes,18/6/2026,
sampadab17,Network Security,Classic network-intrusion-detection benchmark,https://www.kaggle.com/datasets/sampadab17/network-intrusion-detection,2,Dataset,CSV,5,38,47736,,,Unknown,2018,Yes,,Yes,,18/6/2026,
Shaeh,Penetration Testing and Vulnerability Management,"Exploit entries with PoC, type, platform",https://huggingface.co/datasets/Shaeh/Exploit_Database_Dataset,1,Dataset,JSONL,0.4,0.4,10411,0.323,521,MIT,2026,Yes,Yes,Yes,,18/6/2026,
ALPHAzero1233,Penetration Testing and Vulnerability Management,All CVE records as instruction-tuning data,https://huggingface.co/datasets/ALPHAzero1233/All-CVE-Records-Training-Dataset,1,Dataset,JSONL,458,458,297441,,,Apache-2.0,2026,Yes,,Yes,,18/6/2026,
stasvinokur,Penetration Testing and Vulnerability Management,"CVE records 1999–2025 with CVSS, severity, CWE",https://huggingface.co/datasets/stasvinokur/cve-and-cwe-dataset-1999-2025,1,Dataset,CSV,97.8,121.3,280694,245.918,251207,CC0-1.0,2025,Yes,Yes,Yes,,18/6/2026,
katehighnam,Security Operations,Host kernel/process logs for anomaly detection,https://www.kaggle.com/datasets/katehighnam/beth-dataset,3,Dataset,CSV,884.9,525.97,3808810,,,CC0: Public domain,2021,Yes,,Yes,,18/6/2026,
darkknight25,Security Operations,Synthetic SIEM security-event logs,https://huggingface.co/datasets/darkknight25/Advanced_SIEM_Dataset,1,Dataset,JSONL,120.5,120.5,100000,103.518,68556,MIT,2025,Yes,Yes,Yes,Yes,18/6/2026,
pAILabs,Security Operations,Infosec security Q&A pairs (2023–2024),https://huggingface.co/datasets/pAILabs/infosec-security-qa,1,Dataset,JSONL,13.5,13.5,11185,30.112,11884,Apache-2.0,2025,Yes,Yes,Yes,Yes,18/6/2026,
AlicanKiraz0,Security Operations,Broad cybersecurity instruction/Q&A dataset,https://huggingface.co/datasets/AlicanKiraz0/Cybersecurity-Dataset-Fenrir-v2.1,1,Dataset,JSONL,411.2,411.2,99870,,,Apache-2.0,2026,Yes,,Yes,Yes,18/6/2026,
reloading0101,Threat Intelligence,Threat-intelligence instruction/Q&A data,https://huggingface.co/datasets/reloading0101/threat-intelligence-dataset,4,Dataset,JSONL,35.7,35.7,23699,51.162,21601,CC BY-4.0,2026,Yes,Yes,Yes,Yes,18/6/2026,
Shomi28,Threat Intelligence,CVE data + MITRE ATT&CK techniques + instructions,https://huggingface.co/datasets/Shomi28/cyber-threat-intelligence,4,Dataset,Parquet,5.3,24.1,21463,31.166,13430,MIT,2026,Yes,Yes,Yes,,18/6/2026,
ramoliyafenil,Threat Intelligence,Text-based cyber-threat detection (NER/classification),https://www.kaggle.com/datasets/ramoliyafenil/text-based-cyber-threat-detection/,4,Dataset,CSV,5.4,5.4,19464,3.599,7091,Apache-2.0,2024,Yes,Yes,Yes,,18/6/2026,
redamorsli,Cloud Security,"Kubernetes intrusion detection, net flows & container metrics",https://www.kaggle.com/datasets/redamorsli/kube-ids0,17,Dataset,CSV,1580,3210,312127,,,Unknown,2025,Yes,,Yes,,18/6/2026,
chethuhn,Network Security,Week of labeled network traffic (benign + attacks),https://www.kaggle.com/datasets/chethuhn/network-intrusion-dataset,7,Dataset,CSV,628.9,3714.9,2138040,,,CC0: Public domain,2023,Yes,,Yes,,18/6/2026,
algozee,"Governance, Risk and Compliance","Corporate compliance, risk assessment, and regulatory framework data.",https://www.kaggle.com/datasets/algozee/cyber-security,3,Dataset,CSV,0.68,1.75,1986,0.081,57,CC BY-4.0,2026,Yes,Yes,Yes,,18/6/2026,
mjbommar,Malware Analysis,Static metadata + tokens for ~30k binaries,https://huggingface.co/datasets/mjbommar/binary-30k,2,Dataset,Parquet,10800,14485.99,10618,,,CC BY-4.0,2025,Yes,,Yes,,18/6/2026,
DikeDataset,Malware Analysis,DikeDataset benign and malware PE labels,https://github.com/iosifache/DikeDataset,2,Dataset,CSV,1.9,3,11923,,,MIT,2021,Yes,,Yes,,19/6/2026,
phiusiil+phishing+url+dataset,Threat Intelligence,UCI PhiUSIIL phishing URLs (235k),https://archive.ics.uci.edu/static/public/967/phiusiil+phishing+url+dataset.zip,1,Dataset,CSV,54.2,253.3,235795,,,CC BY 4.0,-,Yes,,Yes,,19/6/2026,
mitre-attack,Threat Intelligence,MITRE ATT&CK Enterprise,https://raw.githubusercontent.com/mitre-attack/attack-stix-data/master/enterprise-attack/enterprise-attack.json,1,Feed,JSON,50.8,2.8,858,,,Apache-2.0 / MITRE ATT&CK Terms (free use w/ attribution),2026,Yes,,Yes,,19/6/2026,
mitre-attack-ics,Threat Intelligence,MITRE ATT&CK ICS,https://raw.githubusercontent.com/mitre-attack/attack-stix-data/master/ics-attack/ics-attack.json,1,Feed,JSON,3.9,0.3,118,,,Apache-2.0 / MITRE ATT&CK Terms (free use w/ attribution),2026,Yes,,Yes,,19/6/2026,
mitre-attack-mobile,Threat Intelligence,MITRE ATT&CK Mobile,https://raw.githubusercontent.com/mitre-attack/attack-stix-data/master/mobile-attack/mobile-attack.json,1,Feed,JSON,5.5,0.4,190,,,Apache-2.0 / MITRE ATT&CK Terms (free use w/ attribution),2026,Yes,,Yes,,19/6/2026,
mitre-attack-web,Threat Intelligence,MITRE ATT&CK technique pages,https://attack.mitre.org/techniques/enterprise/,1,Website,HTML,-,1.2,70,,,MITRE ATT&CK Terms (free w/ attribution),2026,Yes,,Yes,,19/6/2026,
nist-fips-203-mlkem,Cryptography,NIST FIPS 203 ML-KEM (PQC),https://nvlpubs.nist.gov/nistpubs/FIPS/NIST.FIPS.203.pdf,1,Document,PDF,1.2,0.1,56,0.131,56,"Public Domain (U.S. Government work, 17 U.S.C. 105)",2024,Yes,Yes,Yes,,19/6/2026,
nist-fips-204-mldsa,Cryptography,NIST FIPS 204 ML-DSA (PQC),https://nvlpubs.nist.gov/nistpubs/FIPS/NIST.FIPS.204.pdf,1,Document,PDF,3.1,0.2,65,0.16,65,"Public Domain (U.S. Government work, 17 U.S.C. 105)",2024,Yes,Yes,Yes,,19/6/2026,
nist-fips-205-slhdsa,Cryptography,NIST FIPS 205 SLH-DSA (PQC),https://nvlpubs.nist.gov/nistpubs/FIPS/NIST.FIPS.205.pdf,1,Document,PDF,1,0.1,61,0.143,60,"Public Domain (U.S. Government work, 17 U.S.C. 105)",2024,Yes,Yes,Yes,,19/6/2026,
nist-sp800-208,Cryptography,NIST SP 800-208 Hash-Based Signatures,https://nvlpubs.nist.gov/nistpubs/SpecialPublications/NIST.SP.800-208.pdf,1,Document,PDF,0.8,0.1,59,0.117,59,"Public Domain (U.S. Government work, 17 U.S.C. 105)",2020,Yes,Yes,Yes,,19/6/2026,
nist-sp800-57,Cryptography,NIST SP 800-57 Key Management,https://nvlpubs.nist.gov/nistpubs/SpecialPublications/NIST.SP.800-57pt1r5.pdf,1,Document,PDF,1.6,0.5,171,0.5,168,"Public Domain (U.S. Government work, 17 U.S.C. 105)",2020,Yes,Yes,Yes,,19/6/2026,
nist-sp800-122,Data Security and Privacy,NIST SP 800-122 Protecting PII,https://nvlpubs.nist.gov/nistpubs/Legacy/SP/nistspecialpublication800-122.pdf,1,Document,PDF,0.8,0.2,59,0.177,59,"Public Domain (U.S. Government work, 17 U.S.C. 105)",2010,Yes,Yes,Yes,,19/6/2026,
nist-sp800-30r1,"Governance, Risk and Compliance",NIST SP 800-30r1 Guide for Conducting Risk Assessments,https://nvlpubs.nist.gov/nistpubs/Legacy/SP/nistspecialpublication800-30r1.pdf,1,Document,PDF,0.8,0.3,95,0.325,94,"Public Domain (U.S. Government work, 17 U.S.C. 105)",2012,Yes,Yes,Yes,,19/6/2026,
nist-sp800-37r2,"Governance, Risk and Compliance",NIST SP 800-37r2 Risk Management Framework,https://nvlpubs.nist.gov/nistpubs/SpecialPublications/NIST.SP.800-37r2.pdf,1,Document,PDF,2.2,0.7,183,0.605,183,"Public Domain (U.S. Government work, 17 U.S.C. 105)",2018,Yes,Yes,Yes,,19/6/2026,
nist-sp800-53r5,"Governance, Risk and Compliance",NIST SP 800-53r5 Security & Privacy Controls,https://nvlpubs.nist.gov/nistpubs/SpecialPublications/NIST.SP.800-53r5.pdf,1,Document,PDF,5.8,1.7,492,1.565,486,"Public Domain (U.S. Government work, 17 U.S.C. 105)",2021,Yes,Yes,Yes,,19/6/2026,
nist-sp800-63b,Identity Access and Management,NIST SP 800-63B Digital Identity,https://nvlpubs.nist.gov/nistpubs/SpecialPublications/NIST.SP.800-63b.pdf,1,Document,PDF,1.4,0.2,80,0.2,78,"Public Domain (U.S. Government work, 17 U.S.C. 105)",2017,Yes,Yes,Yes,,19/6/2026,
nist-sp800-184,Incident Response and Forsenics,NIST SP 800-184 Cybersecurity Event Recovery,https://nvlpubs.nist.gov/nistpubs/SpecialPublications/NIST.SP.800-184.pdf,1,Document,PDF,0.8,0.2,53,0.148,52,"Public Domain (U.S. Government work, 17 U.S.C. 105)",2016,Yes,Yes,Yes,,19/6/2026,
nist-sp800-61,Incident Response and Forsenics,NIST SP 800-61r2 Incident Handling Guide,https://nvlpubs.nist.gov/nistpubs/SpecialPublications/NIST.SP.800-61r2.pdf,1,Document,PDF,1.7,0.2,80,0.233,80,"Public Domain (U.S. Government work, 17 U.S.C. 105)",2012,Yes,Yes,Yes,,19/6/2026,
nist-sp800-86,Incident Response and Forsenics,NIST SP 800-86 Forensic Techniques,https://nvlpubs.nist.gov/nistpubs/Legacy/SP/nistspecialpublication800-86.pdf,1,Document,PDF,2.7,0.4,120,0.384,117,"Public Domain (U.S. Government work, 17 U.S.C. 105)",2006,Yes,Yes,Yes,,19/6/2026,
nist-sp800-94,Network Security,NIST SP 800-94 IDS/IPS,https://nvlpubs.nist.gov/nistpubs/Legacy/SP/nistspecialpublication800-94.pdf,1,Document,PDF,1,0.4,127,0.377,123,"Public Domain (U.S. Government work, 17 U.S.C. 105)",2007,Yes,Yes,Yes,,19/6/2026,
nist-sp800-115,Penetration Testing and Vulnerability Management,NIST SP 800-115 Security Testing,https://nvlpubs.nist.gov/nistpubs/Legacy/SP/nistspecialpublication800-115.pdf,1,Document,PDF,0.5,0.3,80,0.255,80,"Public Domain (U.S. Government work, 17 U.S.C. 105)",2008,Yes,Yes,Yes,,19/6/2026,
nist-sp800-40r4,Penetration Testing and Vulnerability Management,NIST SP 800-40r4 Enterprise Patch Management,https://nvlpubs.nist.gov/nistpubs/SpecialPublications/NIST.SP.800-40r4.pdf,1,Document,PDF,0.5,0.1,28,0.077,28,"Public Domain (U.S. Government work, 17 U.S.C. 105)",2022,Yes,Yes,Yes,,19/6/2026,
nist-sp800-92,Security Operations,NIST SP 800-92 Log Management,https://nvlpubs.nist.gov/nistpubs/Legacy/SP/nistspecialpublication800-92.pdf,1,Document,PDF,1.7,0.2,63,0.193,62,"Public Domain (U.S. Government work, 17 U.S.C. 105)",2006,Yes,Yes,Yes,,19/6/2026,
nist-sp800-150,Threat Intelligence,NIST SP 800-150 Cyber Threat Information Sharing,https://nvlpubs.nist.gov/nistpubs/SpecialPublications/NIST.SP.800-150.pdf,1,Document,PDF,0.5,0.1,43,0.126,42,"Public Domain (U.S. Government work, 17 U.S.C. 105)",2016,Yes,Yes,Yes,,19/6/2026,
cisa-kev,Threat Intelligence,CISA Known Exploited Vulnerabilities,https://www.cisa.gov/sites/default/files/feeds/known_exploited_vulnerabilities.json,1,Feed,JSON,1.4,1.1,1623,0.962,1578,Public Domain (CISA),2026,Yes,Yes,Yes,,19/6/2026,
india-it-act-2000,"Governance, Risk and Compliance",India Information Technology Act 2000,https://www.indiacode.nic.in/bitstream/123456789/13116/1/it_act_2000_updated.pdf,1,Document,PDF,0.8,0.1,36,0.129,36,Government of India (official gazette / open publication),2000,Yes,Yes,Yes,,19/6/2026,
india-dpdp-act-2023,Data Security and Privacy,India Digital Personal Data Protection Act 2023,https://www.meity.gov.in/static/uploads/2024/06/2bf1f0e9f04e6fb4f8fef35e82c42aa5.pdf,1,Document,PDF,0.2,0.1,21,0.067,21,Government of India (official gazette / open publication),2023,Yes,Yes,Yes,,19/6/2026,
capec-web,Penetration Testing and Vulnerability Management,MITRE CAPEC attack patterns,https://capec.mitre.org/data/definitions/1000.html,1,Website,HTML,-,1.2,70,0.524,68,MITRE CAPEC Terms (free w/ attribution),2018,Yes,Yes,Yes,,19/6/2026,
AlicanKiraz0,Application Security,Web-sec Q&A (XSS/SQLi/CSRF),https://huggingface.co/datasets/AlicanKiraz0/Cybersecurity-Dataset-v1,1,Dataset,Parquet,3.7,10,2411,,,Apache-2.0,2025,Yes,,Yes,Yes,19/6/2026,
syedsaqlainhussain,Application Security,XSS payloads,https://www.kaggle.com/datasets/syedsaqlainhussain/cross-site-scripting-xss-dataset-for-deep-learning,1,Dataset,CSV,1.6,2.1,13686,4.066,7224,Unknown,2020,Yes,Yes,Yes,,19/6/2026,
ossf-malicious-packages,Application Security,OSV records of known-malicious npm/PyPI/etc packages (software supply-chain / CI-CD).,https://github.com/ossf/malicious-packages,1,Repository,repo,-,454.86,227851,58.756,39849,Apache-2.0,2026,Yes,Yes,Yes,,19/6/2026,
ispangler,Application Security,HTTP CSIC 2010 web attacks,https://www.kaggle.com/datasets/ispangler/csic-2010-web-application-attacks,1,Dataset,CSV,28.2,42.7,61065,9.52,7961,Data files © Original Authors,2019,Yes,Yes,Yes,,19/6/2026,
cyberprince,Application Security,Web attack payloads,https://www.kaggle.com/datasets/cyberprince/web-application-payloads-dataset,1,Dataset,JSONL,0.2,0.1,500,0.085,152,MIT,2025,Yes,Yes,Yes,,19/6/2026,
nobukim,Cloud Security,AWS CloudTrail attack logs,https://www.kaggle.com/datasets/nobukim/aws-cloudtrails-dataset-from-flaws-cloud,2,Dataset,CSV,1786.6,3107,3878414,,,Apache-2.0,2023,Yes,,Yes,,19/6/2026,
ai4privacy-pii-masking-200k,Data Security and Privacy,PII detection / masking (200k),https://huggingface.co/datasets/ai4privacy/pii-masking-200k,4,Dataset,JSONL,333.7,333.7,209261,105.827,53184,Contact,2024,Yes,Yes,Yes,Yes,19/6/2026,
ai4privacy-pii-masking-300k,Data Security and Privacy,PII detection / masking (300k),https://huggingface.co/datasets/ai4privacy/pii-masking-300k,12,Dataset,JSONL,694.1,694.1,225405,,,Contact,2024,Yes,,Yes,Yes,19/6/2026,
lako65,Identity Access and Management,SSH brute-force attempts,https://www.kaggle.com/datasets/lako65/ssh-brute-force-ipuserpassword,1,Dataset,JSON,4.6,3,14795,,,Data files © Original Authors,2018,Yes,,Yes,,19/6/2026,
rasikaekanayakadevlk,Identity Access and Management,Behavioral auth signals,https://www.kaggle.com/datasets/rasikaekanayakadevlk/user-activity-dataset,1,Dataset,JSON,0.2,0.2,437,,,MIT,2025,Yes,,Yes,Yes,19/6/2026,
darkknight25,Incident Response and Forsenics,IR playbooks,https://huggingface.co/datasets/darkknight25/Incident_Response_Playbook_Dataset,1,Dataset,JSONL,0.2,0.2,14,,,MIT,2025,Yes,,Yes,Yes,19/6/2026,
saurabhshahane-classification-of-malwares,Malware Analysis,CLaMP PE malware classification,https://www.kaggle.com/datasets/saurabhshahane/classification-of-malwares,2,Dataset,CSV,2.2,11.6,10394,,,CC BY 4.0,2021,Yes,,Yes,,19/6/2026,
Microsoft,Incident Response and Forsenics,GUIDE SOC incident triage,https://www.kaggle.com/datasets/Microsoft/microsoft-security-incident-prediction,2,Dataset,CSV,3350.7,3873.9,4147992,,,CDLA-Permissive-2.0,2024,Yes,,Yes,,20/6/2026,
shashwatwork-android-malware-dataset-for-machine-learning,Malware Analysis,Android malware features (Drebin),https://www.kaggle.com/datasets/shashwatwork/android-malware-dataset-for-machine-learning,2,Dataset,CSV,6.2,75.5,15251,,,CC BY 4.0,2021,Yes,,Yes,,20/6/2026,
dannyrevaldo,Malware Analysis,Android malware detection,https://www.kaggle.com/datasets/dannyrevaldo/android-malware-detection-dataset,1,Dataset,CSV,2.8,41.9,4464,,,MIT,2024,Yes,,Yes,,20/6/2026,
joebeachcapital,Malware Analysis,Windows PE malware features,https://www.kaggle.com/datasets/joebeachcapital/windows-malwares,4,Dataset,CSV,1290.1,500.4,89065,,,CC BY 4.0,2023,Yes,,Yes,,20/6/2026,
unsw-nb15,Network Security,UNSW-NB15 IDS benchmark,https://www.kaggle.com/datasets/mrwellsdavid/unsw-nb15,8,Dataset,CSV,604.8,1736.8,2797973,0.009,21,Unknown,2019,Yes,Yes,Yes,,20/6/2026,
malicious-urls-dataset,Penetration Testing and Vulnerability Management,651k malicious URLs,https://www.kaggle.com/datasets/sid321axn/malicious-urls-dataset,1,Dataset,CSV,43.5,56.6,651191,,,CC0,2021,Yes,,Yes,,20/6/2026,
cybersecurity-intrusion-detection-dataset,Security Operations,Login/session intrusion,https://www.kaggle.com/datasets/dnkumars/cybersecurity-intrusion-detection-dataset,1,Dataset,CSV,0.7,2.5,9537,,,MIT,2025,Yes,,Yes,Yes,20/6/2026,
phishing-dataset,Threat Intelligence,Phishing URLs / emails / HTML,https://huggingface.co/datasets/ealvaradob/phishing-dataset,2,Dataset,JSON,563.3,552,871590,80.541,7972,Apache-2.0,2024,Yes,Yes,Yes,,20/6/2026,
phishing-email-dataset,Threat Intelligence,Phishing vs benign emails,https://huggingface.co/datasets/zefang-liu/phishing-email-dataset,1,Dataset,CSV,49.6,50.7,18650,,,LGPL 3.0,2024,Yes,,Yes,,20/6/2026,
phishing_benign_email_dataset,Threat Intelligence,Phishing/benign email,https://huggingface.co/datasets/darkknight25/phishing_benign_email_dataset,1,Dataset,JSONL,0.1,0.1,200,0.081,156,MIT,2024,Yes,Yes,Yes,Yes,20/6/2026,
web-page-phishing-detection-dataset,Threat Intelligence,Web-page phishing features,https://www.kaggle.com/datasets/shashwatwork/web-page-phishing-detection-dataset,1,Dataset,CSV,3.5,18.5,11430,,,CC BY-4.0,2025,Yes,,Yes,,20/6/2026,
sslbl-ja3-fingerprints,Network Security,abuse.ch SSLBL malicious JA3 TLS client fingerprints.,https://sslbl.abuse.ch/blacklist/ja3_fingerprints.csv,1,Feed,CSV,0.01,0.02,96,,,CC0-1.0,2021,Yes,,Yes,,20/6/2026,
reddelexc,Penetration Testing and Vulnerability Management,Curated disclosed HackerOne bug-bounty reports (markdown).,https://github.com/reddelexc/hackerone-reports,1,Repository,-,-,2.5,82,,,MIT,2026,Yes,,Yes,,20/6/2026,
gtfobins,Penetration Testing and Vulnerability Management,GTFOBins Unix LotL binaries for privilege escalation / restriction bypass.,https://github.com/GTFOBins/GTFOBins.github.io,1,Repository,-,-,0.23,478,0.001,1,GPL-3.0,2026,Yes,Yes,Yes,,20/6/2026,
sigma-rules,Security Operations,Sigma generic SIEM detection rules (YAML) across log sources.,https://github.com/SigmaHQ/sigma,1,Repository,-,-,5.96,3751,,,Detection Rule License 1.1,2026,Yes,,Yes,,20/6/2026,
atomic-red-team,Security Operations,Atomic Red Team ATT&CK-mapped adversary emulation tests (YAML).,https://github.com/redcanaryco/atomic-red-team,1,Repository,-,-,53.99,344,,,MIT,2026,Yes,,Yes,,20/6/2026,
malapi2019,Malware Analysis,MalAPI2019 dynamic Windows API-call sequences (1000 calls/sample) with family labels.,https://www.kaggle.com/datasets/focatak/malapi2019,2,Dataset,TXT,502,496.32,7107,,,CC BY-NC-SA 4.0,2019,Yes,,Yes,,20/6/2026,
yara-rules,Malware Analysis,Community YARA rules for malware family / behaviour detection.,https://github.com/Yara-Rules/rules,1,Repository,Repo,,6.03,566,1.67,500,GPL v2,2022,Yes,Yes,Yes,,20/6/2026,
dynamic-malware-api-calls,Malware Analysis,Windows API call sequences from dynamic (sandbox) malware analysis.,https://www.kaggle.com/datasets/marcuscarpenter97/api-calls-generated-by-dynamic-malware-analysis,4,Dataset,JSONL,2427.1,1430.97,8102,,,CC BY 4.0,2023,Yes,,Yes,,20/6/2026,
lolbas,Malware Analysis,Living-Off-the-Land Binaries And Scripts (LOLBAS) technique definitions.,https://github.com/LOLBAS-Project/LOLBAS,1,Repository,-,-,0.47,242,0.402,265,GPL v3,2026,Yes,Yes,Yes,,20/6/2026,
NIST.SP.800-207,Network Security,Zero Trust Architecture,https://nvlpubs.nist.gov/nistpubs/SpecialPublications/NIST.SP.800-207.pdf,1,Document,PDF,0.92,0.16,Yes,0.154,58,"Public Domain (NIST, U.S. Gov)",2020,Yes,Yes,Yes,,20/6/2026,
slither-audited-smart-contracts,Cryptography,Solidity smart contracts (source+bytecode) labelled with Slither vulnerability classes.,https://huggingface.co/datasets/mwritescode/slither-audited-smart-contracts,9,Dataset,Parquet,1658.7,5119.84,117377,723.295,12485,MIT,2022,Yes,Yes,Yes,,20/6/2026,
smart-contract-vulnerability-dataset,Cryptography,Smart-contract code snippets annotated with vulnerability type.,https://huggingface.co/datasets/darkknight25/Smart_Contract_Vulnerability_Dataset,1,Dataset,JSONL,1.1,0.01,12,,,MIT,2025,Yes,,Yes,Yes,20/6/2026,
yara-signature-base,Threat Intelligence,Florian Roth signature-base YARA rules for threat detection.,https://github.com/Neo23x0/signature-base,1,Repository,-,-,7.14,747,,,Detection Rule License (DRL) 1.1,2026,Yes,,Yes,,20/6/2026,
aptnotes,Threat Intelligence,APTnotes index of public APT threat-intel reports.,https://raw.githubusercontent.com/aptnotes/data/master/APTnotes.csv,1,Feed,CSV,0.15,0.2,689,,,Detection Rule License (DRL) 1.1,2024,Yes,,Yes,,20/6/2026,
threatfox-iocs,Threat Intelligence,abuse.ch ThreatFox IOCs (malware C2 / indicators).,https://threatfox.abuse.ch/export/csv/full/,1,Feed,CSV,2.85,14.28,79682,,,CC0-1.0,2026,Yes,,Yes,,20/6/2026,
feodo-c2-tracker,Threat Intelligence,abuse.ch Feodo Tracker botnet C2 server IP blocklist.,https://feodotracker.abuse.ch/downloads/ipblocklist.csv,1,Feed,CSV,0,0,5,,,CC0 1.0 Universal,2026,Yes,,Yes,,20/6/2026,
urlhaus-malicious-urls,Threat Intelligence,abuse.ch URLhaus malicious-URL feed.,https://urlhaus.abuse.ch/downloads/csv/,1,Feed,CSV,1.91,7.31,52849,,,CC0 1.0 Universal,2026,Yes,,Yes,,20/6/2026,
20220601-crypto-club-PQC,Quantum,The First NIST PQC Standards,https://csrc.nist.gov/csrc/media/Presentations/2022/the-first-nist-pqc-standards/images-media/sess-3-chen-first-pqc-stds-cryptoclub-june2022.pdf,1,Document,PDF,6.1,0.03,59,,,US-Gov-Public-Domain,-,Yes,,Yes,,22/06/2026,
ranatariq09,Quantum,PQC Algorithms Benchmark Data,https://www.kaggle.com/datasets/ranatariq09/pqc-algorithms-benchmark-data,2,Dataset,CSV,17.25,40.21,108460,,,GPL 3,2025,Yes,,Yes,,22/06/2026,
2025093pap,Quantum,"""Harvest Now Decrypt Later"": Examining Post-Quantum Cryptography and the Data Privacy Risks for Distributed Ledger Networks",https://www.federalreserve.gov/econres/feds/files/2025093pap.pdf,1,Document,PDF,0.38,0.07,22,0.063,22,US-Gov-Public-Domain,-,Yes,Yes,Yes,,22/06/2026,
CSA_CNSA_2.0_ALGORITHMS,Quantum,CSA CNSA 2.0 ALGORITHMS,https://media.defense.gov/2025/May/30/2003728741/-1/-1/0/CSA_CNSA_2.0_ALGORITHMS.PDF,1,Document,PDF,0.56,0.02,10,0.017,10,NSA CNSA 2..0,-,Yes,Yes,Yes,,22/06/2026,
CSI_CNSA_2.0_FAQ_,Quantum,U/OO/194427-22 | PP-24-4014 | December 2024 Ver. 2.1,https://media.defense.gov/2022/Sep/07/2003071836/-1/-1/0/CSI_CNSA_2.0_FAQ_.PDF,1,Document,PDF,0.42,0.05,21,0.047,21,NSA CNSA 2..0,-,Yes,Yes,Yes,,22/06/2026,
CSfC Post Quantum Cryptography Guidance Addendum 1_0 Draft _5,Quantum,COMMERCIAL SOLUTIONS for CLASSIFIED,https://www.nsa.gov/portals/75/documents/resources/everyone/csfc/csfc-customer-handbook.pdf,1,Document,PDF,1.43,0.07,31,0.02,10,US-Gov-Public-Domain,-,Yes,Yes,Yes,,22/06/2026,
ERB readers for PQC report.pdf-attachment-draft PQC_3rd_Round_Report,Quantum,NISTIR 8413,https://nvlpubs.nist.gov/nistpubs/ir/2022/NIST.IR.8413.pdf,1,Document,PDF,0.6,0.25,97,0.274,100,NIST (US GOV),-,Yes,Yes,Yes,,22/06/2026,
GOVPUB-C13-PURL-gpo28851,Quantum,"NIST SP 800-56C, Recommendation for Key Derivation through Extraction-then-Expansion",https://nvlpubs.nist.gov/nistpubs/SpecialPublications/NIST.SP.800-56Cr2.pdf,1,Document,PDF,0.4,0.04,17,0.086,38,NIST (US GOV),-,Yes,Yes,Yes,,22/06/2026,
Hybrid key exchange in TLS 1.3,Quantum,Hybrid key exchange in TLS 1.3,https://www.ietf.org/archive/id/draft-ietf-tls-hybrid-design-16.txt,1,Document,.txt,0.56,0.05,17,,,IETF Revised BSD,-,Yes,,Yes,,22/06/2026,
ML-KEM Post-Quantum Key Agreement for TLS 1.3,Quantum,ML-KEM Post-Quantum Key Agreement for TLS 1.3,https://www.ietf.org/archive/id/draft-ietf-tls-mlkem-08.txt,1,Document,.txt,0.41,0.02,8,,,IETF Revised BSD,-,Yes,,Yes,,22/06/2026,
NIST.CSWP.04282021,Quantum,Getting Ready for Post-Quantum Cryptography: Explore Challenges Associated with Adoption and Use of Post-Quantum Cryptographic Algorithms,https://nvlpubs.nist.gov/nistpubs/CSWP/NIST.CSWP.04282021.pdf,1,Document,PDF,0.39,0.02,10,0.023,10,NIST (US GOV),-,Yes,Yes,Yes,,22/06/2026,
NIST.IR.8547.ipd,Quantum,"NIST IR 8547 initial public draft, Transition to Post-Quantum Cryptography Standards",https://nvlpubs.nist.gov/nistpubs/ir/2024/NIST.IR.8547.ipd.pdf,1,Document,PDF,0.69,0.07,29,0.07,29,NIST (US GOV),-,Yes,Yes,Yes,,22/06/2026,
NIST.SP.800-131Ar2,Quantum,Transitioning the Use of Cryptographic Algorithms and Key Lengths,https://nvlpubs.nist.gov/nistpubs/SpecialPublications/NIST.SP.800-131Ar2.pdf,1,Document,PDF,0.65,0.08,33,0.072,33,NIST (US GOV),-,Yes,Yes,Yes,,22/06/2026,
NIST.SP.800-56Ar3,Quantum,Recommendation for Pair-Wise Key Establishment Schemes Using Discrete Lograrithm Cryptography,https://nvlpubs.nist.gov/nistpubs/SpecialPublications/NIST.SP.800-56Ar3.pdf,1,Document,PDF,1.67,0.42,152,0.407,152,NIST (US GOV),-,Yes,Yes,Yes,,22/06/2026,
NIST_Post-Quantum_Cryptography_Standards_A_Comprehensive_Review_of_Theoretical_Foundations_and_Implementations,Quantum,NIST Post-Quantum Cryptography Standards: A Comprehensive Review of Theoretical Foundations and Implementations,https://eprint.iacr.org/2024/1380.pdf,1,Document,PDF,4.59,0.15,29,,,NIST (US GOV),-,Yes,,Yes,,22/06/2026,
Post-Quantum Cryptography Recommendations for TLS-based Applications,Quantum,Post-Quantum Cryptography Recommendations for TLS-based Applications,https://eprint.iacr.org/2023/1061.pdf ,1,Document,PDF,0.53,0.05,16,,,IETF Revised BSD,-,Yes,,Yes,,22/06/2026,
Post-Quantum and Post-Quantum_Traditional Hybrid Algorithms for HPKE,Quantum,Post-Quantum and Post-Quantum/Traditional Hybrid Algorithms for HPKE,https://www.ietf.org/archive/id/draft-westerbaan-cfrg-hpke-xyber768d00-03.txt,1,Document,.txt,0.85,0.15,61,,,IETF Revised BSD,-,Yes,,Yes,,22/06/2026,
Q12a-Chen,Quantum,Post-­‐Quantum,https://www.itu.int/dms_pub/itu-t/opb/tut/T-TUT-ICTS-2023-5-PDF-E.pdf,1,Document,PDF,0.65,0.02,21,0.099,38,NIST (US GOV),-,Yes,Yes,Yes,,22/06/2026,
Quantum_Computing_Threat_Modelling_on_a_Generic_CPS_Setup_ACNS_Workshop_20210503,Quantum,Quantum Computing Threat Modelling on a Generic CPS Setup,https://pureadmin.qub.ac.uk/ws/files/240369002/Quantum_Computing_Threat_Modelling_on_a_Generic_CPS_Setup_ACNS_Workshop_20210503.pdf,1,Document,PDF,0.87,0.05,20,0.056,20,Open Access,-,Yes,Yes,Yes,,22/06/2026,
X.509 Extensions for PQC or Composite Certificate Hosting Continuity,Quantum,X.509 Extensions for PQC or Composite Certificate Hosting Continuity,https://www.ietf.org/archive/id/draft-reddy-lamps-x509-pq-commit-00.txt,1,Document,.txt,0.38,0.03,10,,,IETF Revised BSD,-,Yes,,Yes,,22/06/2026,
sp800-56B,Quantum,"NIST SP 800-56B, Recommendation for Pair-Wise Key Establishment Schemes Using Integer Factorization Cryptography",https://nvlpubs.nist.gov/nistpubs/SpecialPublications/NIST.SP.800-56Br2.pdf,1,Document,PDF,1.09,0.26,114,0.332,130,NIST (US GOV),-,Yes,Yes,Yes,,22/06/2026,
sullivan-session-1-paper-pqc2019,Quantum,Measuring TLS key exchange with post-quantum KEM,https://csrc.nist.gov/CSRC/media/Presentations/measuring-tls-key-exchange-with-post-quantum-kem/images-media/sullivan-session-1-paper-pqc2019.pdf,1,Document,PDF,19.77,0.01,33,0.013,26,NIST (US GOV),-,Yes,Yes,Yes,,22/06/2026,
building-post-quantum-cloud-services-paper,Quantum,Building Post-Quantum Cloud Services: Deploying FIPS 203:ML-KEM at AWS,https://csrc.nist.gov/csrc/media/Events/2025/workshop-on-guidance-for-kems/documents/papers/building-post-quantum-cloud-services-paper.pdf,1,Document,PDF,0.19,0.01,3,0.006,3,NIST (US GOV),-,Yes,Yes,Yes,,22/06/2026,
nistspecialpublication800-144,Cloud Security,"NIST SP 800-144, Guidelines on Security and Privacy in Public Cloud Computing",https://nvlpubs.nist.gov/nistpubs/Legacy/SP/nistspecialpublication800-144.pdf,1,Document,PDF,1.05,0.24,80,0.226,80,NIST (US GOV),-,Yes,Yes,Yes,,22/06/2026,
nistspecialpublication800-145,Cloud Security,"NIST SP 800-145, The NIST Definition of Cloud Computing",https://nvlpubs.nist.gov/nistpubs/Legacy/SP/nistspecialpublication800-145.pdf,1,Document,PDF,0.08,0.01,7,0.01,6,NIST (US GOV),-,Yes,Yes,Yes,,22/06/2026,
cyberprince,Cloud Security,Cloud Vulnerabilities Dataset,https://www.kaggle.com/datasets/cyberprince/cloud-vulnerabilities-dataset,1,Dataset,JSONL,0.48,0.47,1200,0.418,700,MIT,2025,Yes,Yes,Yes,,22/06/2026,
2021-cloud-misconfigurations,Cloud Security,-,https://github.com/rapid7/data/blob/main/2021-cloud-misconfigurations/2021-cloud-misconfigurations.csv,1,Repository,CSV,0.04,0.08,122,,,No License,2021,Yes,,Yes,,22/06/2026,
Open Quantum Safe,Quantum,Open Quantum Safe,https://github.com/open-quantum-safe,199,Repository,-,1.26,1.262,199,,,MIT,2026,Yes,,Yes,,22/06/2026,
Awesome Quantum Security,Quantum,Repository for Quantum and Security related items that go into details about the security concerns surrounding quantum technologies,https://github.com/QuantumVillage/awesome-quantum-security,3,Repository,-,0.02,0.017,3,0.001,1,CC0 / list,2024,Yes,Yes,Yes,,22/06/2026,
circl,Quantum,-,https://github.com/cloudflare/circl,5,Repository,-,0.02,0.018,5,,,BSD-3-Clause,2026,Yes,,Yes,,22/06/2026,
PQClean,Quantum,"PQClean, in short, is an effort to collect clean implementations of the post-quantum schemes that are in the NIST post-quantum project.",https://github.com/PQClean/PQClean,3,Repository,-,0.02,0.024,3,0.092,49,public domain / per-scheme,2025,Yes,Yes,Yes,,22/06/2026,
QCircuitBench: A Large-Scale Dataset for Benchmarking Quantum Algorithm Design,Quantum,-,https://arxiv.org/pdf/2410.07961,1,Document,PDF,5.73,0.144,45,0.105,40,arXiv.org perpetual non-exclusive license (CC BY 4.0),2024,Yes,Yes,Yes,,22/06/2026,
MNISQ: A Large-Scale Quantum Circuit Dataset for Machine Learning on/for Quantum Computers in the NISQ era,Quantum,-,https://arxiv.org/pdf/2306.16627,1,Document,PDF,2.06,0.07,23,0.069,23,arXiv.org perpetual non-exclusive license (CC BY 4.0),2023,Yes,Yes,Yes,,22/06/2026,
Quantum Algorithm Zoo,Quantum,-,https://quantumalgorithmzoo.org/,1,Website,HTML,-,0.656,3,,,Public Domain,2025,Yes,,Yes,,22/06/2026,
IBM Quantum,Quantum,-,https://www.ibm.com/quantum,1,Website,HTML,-,0.2,25,0.558,65,Need Permission for commercial,2026,Yes,Yes,Yes,,22/06/2026,
Google CIRQ Quantum,Quantum,-,https://quantumai.google/cirq,1,Website,HTML,-,0.748,40,0.2,43,Apache 2.0,2026,Yes,Yes,Yes,,22/06/2026,
NIST CSWP 48 (ipd),Quantum,Mappings of Migration to PQC Project Capabilities to NIST Cybersecurity Framework 2.0 and to SP 800-53 security/privacy controls (NCCoE).,https://nvlpubs.nist.gov/nistpubs/CSWP/NIST.CSWP.48.ipd.pdf,1,Document,PDF,1.498,0.079,33,0.088,41,Public Domain (NIST),2025,Yes,Yes,Yes,,23/06/2026,
NIST SP 800-227 (ipd),Quantum,"Recommendations for Key-Encapsulation Mechanisms (KEMs): definitions, properties, applications and secure-use guidance; complements FIPS 203.",https://nvlpubs.nist.gov/nistpubs/SpecialPublications/NIST.SP.800-227.pdf,1,Document,PDF,1.136,0.135,54,0.148,64,Public Domain (NIST),2025,Yes,Yes,Yes,,23/06/2026,
NIST SP 800-230 (ipd),Quantum,Additional SLH-DSA Parameter Sets for Limited-Signature Use Cases; six extra parameter sets extending FIPS 205 for fast verification / small signatures.,https://nvlpubs.nist.gov/nistpubs/SpecialPublications/NIST.SP.800-230.ipd.pdf,1,Document,PDF,0.314,0.027,13,0.021,12,Public Domain (NIST),2026,Yes,Yes,Yes,,23/06/2026,
NIST CSWP 39 (final),Quantum,"Considerations for Achieving Cryptographic Agility: Strategies and Practices — survey of crypto-agility approaches, trade-offs and mechanisms.",https://nvlpubs.nist.gov/nistpubs/CSWP/NIST.CSWP.39.pdf,1,Document,PDF,1.073,0.118,47,0.11,46,Public Domain (NIST),2025,Yes,Yes,Yes,,23/06/2026,
NIST IR 8545 (final),Quantum,"Status Report on the Fourth Round of the NIST PQC Standardization Process — selection of HQC for key establishment (BIKE, Classic McEliece, HQC, SIKE evaluated).",https://nvlpubs.nist.gov/nistpubs/ir/2025/NIST.IR.8545.pdf,1,Document,PDF,0.609,0.084,35,0.075,33,Public Domain (NIST),2025,Yes,Yes,Yes,,23/06/2026,
NIST IR 8528 (final),Quantum,Status Report on the First Round of Additional Digital Signature Schemes for the PQC Standardization Process — 14 candidates advanced to round 2.,https://nvlpubs.nist.gov/nistpubs/ir/2024/NIST.IR.8528.pdf,1,Document,PDF,0.524,0.072,31,0.065,30,Public Domain (NIST),2024,Yes,Yes,Yes,,23/06/2026,
NIST IR 8610 (final),Quantum,Status Report on the Second Round of Additional Digital Signature Schemes for the PQC Standardization Process — 9 candidates advanced to round 3.,https://nvlpubs.nist.gov/nistpubs/ir/2026/NIST.IR.8610.pdf,1,Document,PDF,0.418,0.096,39,0.088,38,Public Domain (NIST),2026,Yes,Yes,Yes,,23/06/2026,
NIST IR 8240 (final),Quantum,Status Report on the First Round of the NIST PQC Standardization Process.,https://nvlpubs.nist.gov/nistpubs/ir/2019/NIST.IR.8240.pdf,1,Document,PDF,0.584,0.082,28,0.073,27,Public Domain (NIST),2019,Yes,Yes,Yes,,23/06/2026,
NIST IR 8309 (final),Quantum,Status Report on the Second Round of the NIST PQC Standardization Process.,https://nvlpubs.nist.gov/nistpubs/ir/2020/NIST.IR.8309.pdf,1,Document,PDF,0.612,0.118,40,0.105,38,Public Domain (NIST),2020,Yes,Yes,Yes,,23/06/2026,
"NIST IR 8413 (upd1, final)",Quantum,"Status Report on the Third Round of the NIST PQC Standardization Process — selection of CRYSTALS-Kyber, CRYSTALS-Dilithium, FALCON, SPHINCS+.",https://nvlpubs.nist.gov/nistpubs/ir/2022/NIST.IR.8413-upd1.pdf,1,Document,PDF,0.895,0.276,103,0.141,57,Public Domain (NIST),2022,Yes,Yes,Yes,,23/06/2026,
NIST SP 1800-38A (NCCoE),Quantum,"Migration to Post-Quantum Cryptography (vols A): quantum-readiness, cryptographic discovery, and interoperability/performance testing of draft standards.",https://www.nccoe.nist.gov/sites/default/files/2023-04/pqc-migration-nist-sp-1800-38a-preliminary-draft.pdf,1,Document,PDF,0.039,0.003,1,0.013,5,Public Domain (NIST),2023,Yes,Yes,Yes,,23/06/2026,
NIST SP 1800-38B (NCCoE),Quantum,"Migration to Post-Quantum Cryptography (vols B): quantum-readiness, cryptographic discovery, and interoperability/performance testing of draft standards.",https://www.nccoe.nist.gov/sites/default/files/2023-12/pqc-migration-nist-sp-1800-38b-preliminary-draft.pdf,1,Document,PDF,,,1,0.17,68,Public Domain (NIST),2023,No,Yes,Yes,,23/06/2026,
NIST SP 1800-38C (NCCoE),Quantum,"Migration to Post-Quantum Cryptography (vols C): quantum-readiness, cryptographic discovery, and interoperability/performance testing of draft standards.",https://www.nccoe.nist.gov/sites/default/files/2023-12/pqc-migration-nist-sp-1800-38c-preliminary-draft.pdf,1,Document,PDF,,,1,0.203,70,Public Domain (NIST),2023,No,Yes,Yes,,23/06/2026,
NIST PQC Project Hub,Quantum,"NIST Post-Quantum Cryptography standardization project hub — process, candidates, and standards.",https://csrc.nist.gov/projects/post-quantum-cryptography,1,Website,HTML,0.058,0.006,1,,,Public Domain (NIST),2025,Yes,,Yes,,23/06/2026,
NIST PQC Standardization Process,Quantum,"PQC Standardization Process page: rounds, evaluation criteria, selected algorithms and timeline.",https://csrc.nist.gov/projects/post-quantum-cryptography/post-quantum-cryptography-standardization,1,Website,HTML,0.054,0.004,1,,,Public Domain (NIST),2025,Yes,,Yes,,23/06/2026,
NIST PQC Additional Digital Signatures Project,Quantum,PQC: Additional Digital Signature Schemes project (onramp) — candidate signature algorithms and round status.,https://csrc.nist.gov/projects/pqc-dig-sig,1,Website,HTML,0.046,0.004,1,,,Public Domain (NIST),2026,Yes,,Yes,,23/06/2026,
NCCoE Migration to PQC (docs),Quantum,NCCoE Migration to Post-Quantum Cryptography practice guide documentation and FAQ.,https://pages.nist.gov/nccoe-migration-post-quantum-cryptography/,1,Website,HTML,0.001,0,1,,,Public Domain (NIST),2025,Yes,,Yes,,23/06/2026,
NSA CNSA 2.0,Quantum,"NSA Commercial National Security Algorithm Suite 2.0 — quantum-resistant algorithm requirements and migration timeline for national security systems (ML-KEM, ML-DSA, SLH-DSA, LMS/XMSS).",https://www.nsa.gov/Cybersecurity/Post-Quantum-Cryptography/,1,Website,HTML,0.092,0,1,,,Public Domain (US Gov),2024,Yes,,Yes,,23/06/2026,
ENISA Post-Quantum Cryptography,Quantum,"ENISA reports on PQC: current state and quantum mitigation, integration study, and anticipating threats / preparing the future.",https://www.enisa.europa.eu/topics/cryptography,1,Website,HTML,0.05,0.005,1,0.005,1,EU Open,2022,Yes,Yes,Yes,,23/06/2026,
Post-Quantum Cryptography and Quantum-Safe Security: A Comprehensive Survey,Quantum,Comprehensive academic survey of post-quantum cryptography and quantum-safe security.,https://arxiv.org/pdf/2510.10436,1,Document,PDF,0.003,0.002,1,0.123,32,CC by 4.0,2025,Yes,Yes,Yes,,23/06/2026,
A Framework for Migrating to Post-Quantum Cryptography,Quantum,Security dependency analysis and case studies framework for migrating systems to PQC.,https://arxiv.org/pdf/2307.06520,1,Document,PDF,0.003,0.002,1,0.128,24,CC by 4.0,2023,Yes,Yes,Yes,,23/06/2026,
XQP-Munich,Quantum,Code for RF/EM side-channel emission-security analysis of QKD.,https://github.com/XQP-Munich/EmissionSecurityQKD,1,Repository,MD,0.006,0.006,1,,,MIT,2026,Yes,,Yes,,23/06/2026,
munich-quantum-toolkit/bench,Quantum,MQT Bench: ~70k benchmark quantum circuits (2-130 qubits) across 4 abstraction levels; GHZ/QFT/Grover/Shor/QAOA etc.,https://github.com/munich-quantum-toolkit/bench,1,Repository,MD,0.01,0.01,1,,,MIT,2026,Yes,,Yes,,23/06/2026,
merileijona/quantum-circuits-21k,Quantum,"21,208 natural-language to OpenQASM 2.0 quantum-circuit pairs (1-9 qubits) for text-to-circuit generation.",https://huggingface.co/datasets/merileijona/quantum-circuits-21k,2,Dataset,JSON,11.968,15.95,23136,13.383,18295,MIT,2026,Yes,Yes,Yes,Yes,23/06/2026,
racineai/VDR_Quantum_Circuit_Synthetic,Quantum,Multimodal synthetic quantum-circuit images + expert technical queries for RAG / vision-language model training.,https://huggingface.co/datasets/racineai/VDR_Quantum_Circuit_Synthetic,1,Dataset,Parquet,1.746,0,1,,,Unknown,2026,Yes,,Yes,Yes,23/06/2026,
samuellimabraz/quantum-assistant,Quantum,"Multimodal Qiskit dataset (quantum circuits, Bloch spheres, measurement histograms) for specializing VLMs.",https://huggingface.co/datasets/samuellimabraz/quantum-assistant,1,Dataset,Parquet,48.521,0,1,,,Unknown,2026,Yes,,Yes,Yes,23/06/2026,
PennyLane Quantum Datasets,Quantum,"Curated quantum chemistry & many-body spin datasets (Hamiltonians, ground states, observables) for QML.",https://pennylane.ai/datasets/,1,Dataset,HTML,0.332,0,1,,,Apache-2.0,2026,Yes,,Yes,,23/06/2026,
QuantumLLMInstruct,Quantum,500k instruction-tuning problem-solution pairs covering quantum computing topics (paper + dataset).,https://arxiv.org/pdf/2412.20956,1,Document,XML,0.003,0.002,1,,,Unknown,2026,Yes,,Yes,,23/06/2026,
tensorflow/quantum,Quantum,TensorFlow Quantum: library for hybrid quantum-classical ML with quantum-data tutorials.,https://github.com/tensorflow/quantum,1,Repository,MD,0.006,0.006,1,0.026,8,Apache-2.0,2026,Yes,Yes,Yes,,23/06/2026,
Qiskit/qiskit,Quantum,IBM Qiskit open-source SDK for building/transpiling/simulating quantum circuits.,https://github.com/Qiskit/qiskit,1,Repository,MD,0.012,0.012,1,,,Apache-2.0,2026,Yes,,Yes,,23/06/2026,
open-quantum-safe/liboqs,Quantum,"C library of quantum-safe KEM & signature algorithms (ML-KEM, ML-DSA, Falcon, SPHINCS+) with common API.",https://github.com/open-quantum-safe/liboqs,1,Repository,MD,0.028,0.028,1,,,MIT,2026,Yes,,Yes,,23/06/2026,
post-quantum-cryptography/KAT,Quantum,"Independent Known-Answer-Test vectors for ML-KEM (FIPS 203), ML-DSA (FIPS 204) and LMS/XMSS (SP 800-208).",https://github.com/post-quantum-cryptography/KAT,1,Repository,MD,0.001,0.001,1,,,MIT,2026,Yes,,Yes,,23/06/2026,
usnistgov/ACVP-Server,Quantum,"NIST CAVP automated-validation test vectors (JSON), including ML-KEM and ML-DSA generation/validation cases.",https://github.com/usnistgov/ACVP-Server,1,Repository,MD,0.021,0.021,1,,,Public Domain (NIST),2026,Yes,,Yes,,23/06/2026,
pq-crystals/kyber,Quantum,Reference & optimized implementation of CRYSTALS-Kyber / ML-KEM (FIPS 203).,https://github.com/pq-crystals/kyber,1,Repository,MD,0.005,0.005,1,0.007,5,Public Domain (CC0) / Apache-2.0,2026,Yes,Yes,Yes,,23/06/2026,
pq-crystals/dilithium,Quantum,Reference & optimized implementation of CRYSTALS-Dilithium / ML-DSA (FIPS 204).,https://github.com/pq-crystals/dilithium,1,Repository,MD,0.005,0.005,1,0.007,5,Public Domain (CC0) / Apache-2.0,2026,Yes,Yes,Yes,,23/06/2026,
paulmillr/noble-post-quantum,Quantum,"Auditable, minimal JS implementation of ML-KEM, ML-DSA and SLH-DSA with KAT-based tests.",https://github.com/paulmillr/noble-post-quantum,1,Repository,MD,0.016,0.016,1,0.002,1,MIT,2026,Yes,Yes,Yes,,23/06/2026,
paololapo/QuantumCryptographySecurity,Quantum,"Experimental QRNG and QKD data analysis (random-number generation, error correction, key distribution).",https://github.com/paololapo/QuantumCryptographySecurity,1,Repository,MD,0.007,0.007,1,0.006,1,Unknown,2026,Yes,Yes,Yes,,23/06/2026,
QNLab-USTC/Key-Management-and-Service-Framework-for-QKD-Networks,Quantum,QKD network key-management & service framework with simulated key-data files for emulation.,https://github.com/QNLab-USTC/Key-Management-and-Service-Framework-for-QKD-Networks,1,Repository,MD,0.005,0.005,1,,,Unknown,2026,Yes,,Yes,,23/06/2026,
aws-samples/aws-kms-pq-tls-example,Quantum,Demo code setting up the AWS SDK for Java 2.0 to use post-quantum TLS with KMS.,https://github.com/aws-samples/aws-kms-pq-tls-example,1,Repository,MD,0.004,0.004,1,0.008,4,MIT-0,2026,Yes,Yes,Yes,,23/06/2026,
NIST Post-Quantum Cryptography (nist.gov/pqc),Quantum,"NIST's top-level PQC landing page — standards, news and migration resources.",https://www.nist.gov/pqc,1,Website,HTML,0.084,0.004,1,,,Public Domain (US Gov),2026,Yes,,Yes,,23/06/2026,
NCSC UK - PQC Migration Timelines,Quantum,UK National Cyber Security Centre guidance on timelines for migrating to post-quantum cryptography.,https://www.ncsc.gov.uk/guidance/pqc-migration-timelines,1,Website,HTML,0.164,0.03,1,0.03,1,UK OGL,2026,Yes,Yes,Yes,,23/06/2026,
BSI Germany - Quantum Technologies & PQC,Quantum,German Federal Office for Information Security (BSI) recommendations on quantum tech and post-quantum cryptography.,https://www.bsi.bund.de/EN/Themen/Unternehmen-und-Organisationen/Informationen-und-Empfehlungen/Quantentechnologien-und-Post-Quanten-Kryptografie/,1,Website,HTML,0.113,0.012,1,0.011,1,BSI / Gov DE,2026,Yes,Yes,Yes,,23/06/2026,
ANSSI France - PQC Transition Views,Quantum,French cybersecurity agency (ANSSI) position paper and views on the post-quantum cryptography transition.,https://cyber.gouv.fr/en/publications/anssi-views-post-quantum-cryptography-transition,1,Website,HTML,0.007,0,1,0,1,Gov FR,2026,Yes,Yes,Yes,,23/06/2026,
EU Coordinated PQC Implementation Roadmap,Quantum,European Commission coordinated implementation roadmap for the transition to post-quantum cryptography (phased 2026/2030/2035 milestones).,https://digital-strategy.ec.europa.eu/en/library/coordinated-implementation-roadmap-transition-post-quantum-cryptography,1,Website,HTML,0.049,0.002,1,0.004,2,EU Open,2026,Yes,Yes,Yes,,23/06/2026,
Post-Quantum Cryptography Alliance (PQCA),Quantum,Linux Foundation PQCA — industry/academia alliance producing high-assurance PQC software and supporting standardization.,https://pqca.org/,1,Website,HTML,0,0,1,,,Project / Open,2026,Yes,,Yes,,23/06/2026,
Open Quantum Safe (project site),Quantum,OQS project home — open-source liboqs and protocol integrations for quantum-resistant cryptography (part of PQCA).,https://openquantumsafe.org/,1,Website,HTML,0.02,0.003,1,0.065,17,MIT / Project,2026,Yes,Yes,Yes,,23/06/2026,
IETF PQUIP Working Group,Quantum,IETF 'Post-Quantum Use In Protocols' working group — operational/design guidance for PQC across IETF protocols.,https://datatracker.ietf.org/wg/pquip/about/,1,Website,HTML,0.037,0.004,1,0.004,1,IETF Trust,2026,Yes,Yes,Yes,,23/06/2026,
CRYSTALS (Kyber / Dilithium),Quantum,Official CRYSTALS site for the lattice-based KEM (Kyber/ML-KEM) and signature (Dilithium/ML-DSA) schemes.,https://pq-crystals.org/,1,Website,HTML,0.01,0.004,1,0.024,7,Project / Open,2026,Yes,Yes,Yes,,23/06/2026,
SPHINCS+ (SLH-DSA),Quantum,Official site for the stateless hash-based signature scheme standardized as FIPS 205 (SLH-DSA).,https://sphincs.org/,1,Website,HTML,0.009,0.004,1,0.012,5,Project / Open,2026,Yes,Yes,Yes,,23/06/2026,
Falcon (FN-DSA),Quantum,"Official site for the Falcon lattice-based signature scheme (NIST-selected, FIPS 206 in progress).",https://falcon-sign.info/,1,Website,HTML,0.008,0.006,1,0.109,6,Project / Open,2026,Yes,Yes,Yes,,23/06/2026,
ATIS QSCII - Open-Source PQC Test Framework,Quantum,ATIS Quantum-Safe Cryptography Interoperability Initiative — open-source framework for PQC interoperability testing.,https://atis.org/initiatives/quantum/qscii-open-source-pqc-test-framework/,1,Website,HTML,0.16,0.004,1,0.004,1,ATIS,2026,Yes,Yes,Yes,,23/06/2026,
ANU Quantum Random Numbers API (QRNG),Quantum,ANU quantum random number generator JSON API — true randomness from vacuum fluctuations (uint8/uint16/hex16).,https://qrng.anu.edu.au/contact/api-documentation/,1,API,HTML,0.038,0.002,1,0.001,1,ANU / Free tier,2026,Yes,Yes,Yes,,23/06/2026,
NIST ACVP (Automated Cryptographic Validation Protocol),Quantum,NIST ACVP protocol/API spec for automated validation of crypto implementations incl. ML-KEM/ML-DSA/SLH-DSA.,https://pages.nist.gov/ACVP/,1,API,HTML,0.063,0.019,1,,,Public Domain (US Gov),2026,Yes,,Yes,,23/06/2026,
Open Quantum Safe Interop Test Server,Quantum,Public TLS test endpoints serving certificates per quantum-safe signature algorithm for PQC interop testing.,https://test.openquantumsafe.org/,1,API,HTML,0.115,0.054,1,0.075,3,MIT / Project,2026,Yes,Yes,Yes,,23/06/2026,
NVD National Vulnerability Database,Penetration Testing and Vulnerability Management,"Live NVD CVE 2.0 API — every CVE with CVSS severity, weaknesses, references",https://services.nvd.nist.gov/rest/json/cves/2.0,,API,JSON,,,,,,"Public Domain (U.S. Government work, 17 U.S.C. 105)",2025,,,,,30/6/2026,
MITRE Common Weakness Enumeration,Penetration Testing and Vulnerability Management,MITRE CWE catalog (XML-in-ZIP) — weakness definitions with descriptions,https://cwe.mitre.org/data/xml/cwec_latest.xml.zip,,Feed,XML,,,,,,MITRE CWE Terms of Use (free use with attribution),2025,,,,,30/6/2026,
